Name,Age,School,SAT,Active,distance
Ethan Kim,18,Memorial,1025,True,29
Ethan Taylor,20,North,1118,False,15
James Williams,20,Central,1316,False,19
Isabella Anderson,25,South,1566,False,2
Mason Moore,24,Memorial,1491,True,6
Daniel Johnson,25,Westfield,1015,True,28
Mia Jackson,16,Memorial,1268,False,10
Emma White,21,Castle,1552,False,11
Ethan Jones,17,Westfield,1483,False,25
Daniel Kim,25,Castle,948,False,29
Emma Moore,23,Castle,892,True,11
Mia Martinez,18,Westfield,1027,False,30
Charlie Anderson,22,Central,1084,False,26
Ethan Davis,16,Westfield,1277,False,19
Sophie Jackson,19,Central,1309,False,18
Liam Moore,15,Castle,1476,True,13
Harper Harris,17,Central,1293,True,3
Liam Martinez,19,Central,961,True,2
Jack Jackson,20,Central,1154,False,19
Sophie Anderson,20,South,995,True,14
Ella Thomas,21,North,1424,False,13
Noah Kim,22,Memorial,1076,True,6
Charlie White,22,North,1535,True,20
Ella Johnson,24,North,1138,True,13
Emma White,17,Memorial,1285,True,30
Lucas Williams,15,South,1232,True,26
Olivia Martin,17,South,925,True,20
Emma Jackson,20,South,1032,False,2
Charlie Williams,17,South,1092,True,6
Mason Taylor,20,Castle,1412,False,4
Logan White,22,Memorial,1222,True,30
Ella Smith,25,South,922,True,18
Emma Anderson,20,Central,1458,False,29
Jack Smith,19,South,1159,True,20
Henry Martin,17,South,1190,True,23
Harper Taylor,16,Westfield,1516,False,17
Mason Moore,24,Memorial,957,True,8
Jack Jackson,24,North,1597,False,30
Emma Jackson,25,Memorial,1352,False,16
Ava Taylor,19,Castle,1501,False,21
Logan Johnson,17,Central,1034,True,25
Ella Johnson,19,Westfield,1445,False,15
Harper Smith,24,Central,1450,False,7
Harper Jackson,25,Central,1586,False,21
Charlie Kim,21,Castle,1468,False,4
Sophie Miller,23,Castle,1359,False,24
Lucas Harris,20,Central,962,False,7
Mason Jones,17,South,861,True,30
Mia Taylor,18,South,1000,False,12
Isabella Harris,20,Westfield,1525,False,11
Charlie Johnson,15,South,1060,True,15
Isabella Jackson,15,Westfield,1374,False,2
Daniel Williams,18,Memorial,1047,True,10
Emma White,24,Memorial,863,True,2
Ethan Miller,22,North,1486,False,8
Sophie Thomas,16,Memorial,1020,True,11
Mason Moore,21,Castle,963,False,10
Charlie White,17,North,1108,True,10
Jack Harris,23,North,917,True,13
Charlie Davis,19,North,1119,False,24
Logan Miller,15,Central,1016,True,25
Ella Harris,19,North,966,True,2
Mia Garcia,25,North,1325,False,30
Ethan Anderson,16,Castle,1272,True,2
Sophie Martinez,24,Central,920,False,25
Emma Moore,22,Memorial,1453,True,19
Ava Moore,22,Central,1418,True,1
Amelia Garcia,23,Memorial,1226,True,5
Liam Jackson,23,Central,950,True,21
Emma Anderson,23,Memorial,1304,True,19
Harper Johnson,25,Central,868,False,6
Olivia Moore,16,Central,1248,False,29
Ella Johnson,18,Castle,1551,False,13
Mason Miller,19,Memorial,879,False,2
Olivia Brown,24,Memorial,1549,True,12
Mia Davis,20,Castle,1541,True,29
Henry Moore,18,Memorial,1046,False,25
Isabella Garcia,20,Central,1491,True,12
Olivia Miller,25,Westfield,1200,False,23
Ava Thomas,17,Westfield,1149,True,15
Isabella White,21,South,1591,False,25
Isabella Moore,19,Westfield,1413,True,11
Jack Davis,25,Central,1588,True,10
Sophie Brown,23,Westfield,1341,True,25
Isabella Davis,18,Memorial,1492,False,9
Lucas Miller,22,South,859,False,2
Ethan Williams,24,Castle,1181,True,7
Harper Martinez,17,South,1254,False,6
Olivia Moore,24,Castle,1190,True,3
Liam Harris,19,South,1059,False,9
Harper Davis,24,North,1125,True,30
James Brown,15,Castle,903,True,25
Daniel Moore,25,Central,1235,False,10
Mia Davis,16,Westfield,1341,True,20
Lucas Moore,18,Central,1011,True,7
Ava Taylor,24,Central,1317,False,29
Mason Thomas,19,North,1274,False,13
Lucas Miller,15,South,1548,True,18
Henry Garcia,25,Memorial,1443,False,6
Ethan Jones,20,Central,1275,True,18
Henry Martin,25,North,1237,False,28
Ava Garcia,21,North,1466,True,28
Daniel Taylor,24,North,954,True,21
James Smith,21,Central,1548,False,3
Ava White,15,North,916,False,19
Harper Thomas,23,North,1006,False,22
Henry Jackson,21,Westfield,1512,True,23
Daniel Anderson,23,Central,1106,True,4
Logan Davis,25,North,1483,False,16
Mason Davis,18,North,1001,True,23
Mia Moore,19,Central,1561,True,17
Daniel Taylor,21,Castle,950,False,19
Olivia Miller,20,Westfield,903,False,21
Mia Garcia,17,Castle,1518,True,17
Henry Anderson,15,Castle,1107,False,13
Harper Davis,25,South,1553,False,4
Ava Jones,15,South,829,False,23
Jack Miller,18,Westfield,1578,False,14
Sophie Martin,21,Memorial,1439,False,20
Ava Jones,24,Central,1571,False,6
Liam Jones,15,Memorial,1327,True,5
Henry Thomas,25,South,1208,True,28
Charlie Williams,15,Westfield,1388,True,23
Henry Williams,16,Central,1478,False,26
James White,19,Westfield,823,True,29
Harper Martinez,19,Memorial,859,True,5
Sophie Harris,21,Westfield,1264,True,19
Henry Johnson,20,Central,1365,True,3
Charlie Harris,23,North,1597,False,5
Lucas Moore,21,Memorial,1112,False,23
Sophie Miller,19,South,1574,False,6
Amelia Anderson,23,South,1022,True,19
Mason Davis,22,Memorial,1368,False,20
Ethan Smith,22,Castle,1037,True,10
Amelia Jones,21,Memorial,843,False,23
James Martinez,19,South,866,True,10
Liam Brown,19,Central,1007,True,7
Mason Miller,24,South,874,True,25
Isabella Smith,25,Westfield,1114,True,25
Ella Anderson,18,Memorial,1139,False,18
Sophie Taylor,23,South,1465,False,24
Daniel Taylor,23,Memorial,889,True,26
Isabella Anderson,19,Westfield,826,False,2
Ethan Williams,15,South,1302,False,24
Mason Miller,22,Central,834,False,4
Noah Miller,22,South,1600,True,25
Mason Jackson,21,South,1579,False,15
Isabella Miller,22,Westfield,1113,True,22
Mason Martin,17,Memorial,855,False,11
Charlie Miller,19,Memorial,1059,True,16
Charlie Thomas,20,Memorial,1457,False,30
Mason Martinez,19,Memorial,1425,False,12
Mia Johnson,19,Memorial,1221,True,3
Olivia Miller,22,Castle,838,True,5
Sophie Smith,19,Westfield,1509,False,28
Mia Smith,19,Castle,855,True,16
Olivia Davis,19,South,938,False,18
Isabella Smith,16,South,1542,True,12
Daniel Kim,17,Central,1036,True,18
Isabella Johnson,15,Westfield,1524,False,4
Mia White,18,Memorial,1216,True,15
Ava Williams,22,North,1530,False,19
Amelia White,25,Westfield,1349,False,24
Jack Jones,22,South,1390,False,18
Ava Williams,25,Westfield,1280,False,10
Liam Smith,16,Westfield,1114,False,29
Ella Taylor,15,Central,823,False,12
Emma Smith,23,Central,1133,True,29
Sophie Kim,18,Memorial,942,True,1
Olivia Martin,23,North,1291,False,6
Ethan Davis,18,Central,1200,False,15
Noah Moore,20,Central,948,False,27
Liam Moore,16,Central,1371,True,28
Amelia Jones,22,Memorial,841,False,2
Henry Martin,18,Westfield,1428,True,17
Henry Garcia,21,South,1210,True,20
Liam Brown,23,North,1234,False,27
Henry Thomas,17,Westfield,835,True,7
Daniel Miller,17,Memorial,1268,False,22
Logan Williams,24,Central,1389,False,18
Ava Anderson,15,Central,1298,True,2
James Davis,16,South,1271,False,12
Logan Jackson,16,Castle,859,False,25
Ethan Taylor,25,North,834,False,5
Sophie Davis,17,North,1171,False,23
Charlie Miller,23,Westfield,1443,True,1
Ava Anderson,20,Westfield,968,True,22
Daniel Moore,22,South,1539,True,9
Olivia Jackson,23,South,1100,True,18
Mason Taylor,15,South,1494,True,14
Ella Jones,24,Central,1066,False,9
Henry Garcia,16,Memorial,1500,True,5
Sophie Taylor,20,Westfield,1392,False,25
Henry Moore,17,North,1033,False,28
Henry Jackson,20,Memorial,1048,False,11
Isabella Kim,24,Westfield,1232,True,19
Liam Garcia,15,Westfield,1380,True,24
Amelia White,19,Westfield,1134,False,2
Henry Johnson,15,Westfield,1233,False,6
Sophie Moore,15,Westfield,1500,False,10
Mason Miller,24,Westfield,1236,True,26
Charlie Garcia,22,Central,1366,False,24
Daniel Anderson,16,Castle,1345,False,20
Isabella Anderson,19,Westfield,1257,True,7
Amelia Davis,21,Castle,1334,False,28
Henry Moore,18,South,1437,False,10
Logan Harris,18,South,1222,True,22
Ella Harris,25,North,891,True,3
Amelia Garcia,16,South,1032,False,10
Noah Harris,16,South,1122,True,15
Jack White,15,South,901,False,29
Amelia Martinez,22,North,962,True,14
Isabella White,19,Westfield,1276,True,5
Amelia Williams,24,North,1116,False,17
James Thomas,17,Central,1082,True,21
Jack Thomas,15,Westfield,1561,True,22
Sophie Moore,21,Central,1370,False,1
Ava Davis,22,South,1005,False,5
Charlie Johnson,20,Central,1302,False,14
Mason Harris,19,Memorial,1357,True,29
Harper Kim,21,Memorial,1288,False,14
Isabella Smith,25,North,1210,True,16
Henry Anderson,23,Central,1141,True,10
Noah Garcia,23,South,1464,False,15
Olivia Brown,22,Castle,903,False,21
Logan Anderson,16,Central,1378,False,2
Emma Williams,22,Central,1047,False,11
Sophie Smith,21,Central,1281,False,10
Olivia Davis,25,South,1286,False,20
Jack Thomas,17,South,971,False,18
Olivia Kim,18,South,1324,False,4
Mia Williams,22,Central,1538,True,11
Ella Miller,15,Memorial,1341,True,7
Isabella Williams,21,Central,1081,False,19
Lucas Smith,20,Memorial,1594,False,26
Lucas Smith,22,South,812,True,11
Charlie Jones,24,South,1225,True,28
Liam Miller,23,Central,1321,False,8
Mia Martin,25,Central,1438,False,14
Amelia Harris,24,Westfield,1296,False,20
Jack Davis,16,Westfield,1558,True,10
Ava Anderson,24,Westfield,1054,False,23
Ava Garcia,18,Westfield,1215,True,8
Mia Smith,21,Memorial,1398,True,17
Jack Johnson,20,South,990,False,24
Charlie Anderson,19,Castle,1372,False,8
Henry White,22,Westfield,1195,True,2
Ava Taylor,24,North,1321,True,18
Noah Jackson,21,South,833,False,21
Daniel Moore,24,Memorial,1381,False,21
Ethan Anderson,16,Westfield,1035,False,10
Noah White,23,South,1575,True,19
Noah Anderson,23,Central,877,True,8
Emma Brown,21,North,928,True,9
Isabella Brown,19,Memorial,1163,True,27
Ella Harris,17,Castle,1253,True,5
James Smith,25,South,1102,True,11
Daniel Brown,20,South,933,True,13
Ethan Moore,21,Castle,1086,False,13
Lucas Taylor,15,South,1382,True,5
Amelia Martinez,22,Central,1337,True,2
Ethan Jackson,15,South,1064,True,23
Isabella Harris,20,South,944,False,19
Mason Anderson,18,North,1424,True,13
Amelia Anderson,17,Memorial,863,True,20
Jack Smith,18,Castle,1397,False,10
Henry Taylor,19,North,970,True,28
Ethan Davis,17,Westfield,1110,True,4
Noah Thomas,19,North,977,True,28
Olivia Harris,18,Westfield,1030,False,15
Olivia Taylor,16,Central,966,True,6
Lucas Smith,22,Westfield,1085,True,3
Logan Garcia,20,Memorial,809,False,16
Mason Jackson,18,Memorial,1278,False,29
Noah Taylor,23,South,1057,False,15
Mason Kim,18,Memorial,1389,True,28
Henry Jackson,16,South,1536,True,4
Emma Taylor,16,Central,1423,True,22
Mason Davis,16,Central,925,False,7
Jack Harris,16,Castle,1105,True,3
Mason Harris,20,South,888,False,10
Ella Kim,25,Central,1442,True,4
Logan Taylor,24,Castle,988,True,19
Jack Johnson,24,North,1020,False,30
Mason Jackson,16,South,889,True,27
Amelia Davis,24,Castle,1366,True,24
Ethan Harris,23,Castle,844,True,17
James Anderson,18,Westfield,1275,True,20
Harper Martinez,21,South,1220,False,26
Jack Harris,22,Castle,1143,True,29
Jack Davis,20,Memorial,920,False,15
Charlie Jackson,19,Castle,1374,False,25
Charlie Johnson,15,South,1298,True,22
Amelia Brown,16,North,1418,False,12
Mia Harris,21,Westfield,1220,False,9
Ella Williams,15,Central,1089,False,16
Mason Martin,23,North,1349,False,18
Emma Moore,24,Castle,1207,True,2
Henry Davis,15,South,1068,True,13
Charlie Johnson,19,Central,1222,False,20
Harper Anderson,15,South,864,False,18
Jack Smith,17,Central,1430,False,3
Ella Johnson,17,North,1155,False,10
Mia Williams,17,North,879,False,22
Isabella Miller,19,Central,1230,False,3
Emma Harris,23,Castle,1106,True,12
Harper Smith,22,North,1148,False,13
Daniel Martinez,18,North,1036,False,17
Mia Jones,18,North,1394,True,29
Logan Taylor,21,Westfield,1493,False,3
Harper Taylor,16,North,1232,False,1
Daniel Martin,21,Central,1447,False,27
Liam Martin,20,Central,840,True,25
Olivia Moore,18,Memorial,917,False,29
Harper Davis,24,North,1174,False,10
Amelia Thomas,24,Westfield,1576,True,1
Ava Thomas,22,Westfield,929,False,13
Henry Davis,24,Memorial,1426,True,8
Daniel Jones,21,Castle,1349,True,2
Ella Miller,19,Memorial,1453,False,7
Charlie Thomas,25,North,1587,True,6
Noah Kim,18,Castle,1418,False,28
Charlie Thomas,15,Castle,1178,False,25
Harper Harris,23,Westfield,966,True,23
Liam Martinez,24,Memorial,1391,True,28
Sophie Moore,17,South,1113,True,30
Amelia Davis,24,Central,1305,True,6
Daniel Brown,23,Castle,832,False,9
Daniel Anderson,19,Westfield,1094,False,13
Amelia Martin,22,North,1108,False,19
Liam Kim,23,Memorial,1439,False,7
Logan Martinez,22,Central,1496,True,26
Lucas Anderson,25,Memorial,982,True,7
Harper Jackson,19,North,1151,True,14
Lucas Smith,16,Westfield,1068,True,20
Isabella Brown,20,Central,1255,False,28
Charlie Garcia,16,North,1142,True,12
Olivia White,25,Central,958,False,6
Daniel Miller,20,North,1340,False,3
Harper Martin,17,North,950,True,22
Henry Jones,18,Westfield,1548,False,5
Ethan Williams,19,Memorial,1563,True,2
Mason Brown,16,Central,1437,False,6
Daniel Taylor,25,South,1312,False,16
Isabella Garcia,15,Memorial,1404,True,21
Emma Garcia,23,Westfield,1098,True,21
Noah Harris,22,Memorial,1012,True,16
Ella Kim,21,North,1564,False,3
Ava Johnson,21,Westfield,1595,False,14
Ella Miller,16,South,1583,True,11
Ava Anderson,19,Memorial,1052,True,11
Charlie Davis,18,Castle,1314,True,23
Charlie Martin,22,Memorial,942,False,13
Jack Davis,16,Castle,1351,True,26
Lucas Smith,24,South,1409,True,15
Ella White,17,South,913,False,20
Jack Williams,19,South,877,True,21
Emma Jones,21,Memorial,1305,True,4
Ella White,23,Memorial,935,True,15
James Kim,23,Central,1285,False,8
Daniel Moore,25,South,1015,False,12
Olivia Smith,21,North,1085,True,25
Ethan Jackson,16,North,893,True,1
Henry White,24,Castle,1416,False,3
Sophie White,24,Castle,1356,True,4
Liam White,17,South,898,True,26
Harper Miller,15,South,916,False,8
Mia Johnson,19,North,1529,False,6
Ella Miller,15,Central,1204,True,2
Amelia Kim,16,South,1309,True,3
Harper Harris,15,Central,1520,True,27
Ethan Harris,20,South,800,True,3
Lucas Jackson,18,North,1093,False,2
Harper Garcia,22,Westfield,1563,False,9
Isabella White,23,North,1199,False,23
Mia Martinez,15,Central,1362,True,30
Charlie Harris,16,South,821,True,12
Ella Kim,23,Memorial,1306,False,14
Mason Davis,22,Castle,1345,False,1
Ava Brown,16,Central,1372,False,22
Emma Martin,15,Westfield,801,True,13
Ella Martinez,24,Castle,1075,True,17
Sophie Thomas,24,North,1118,True,10
Mia Williams,19,Westfield,914,True,29
Emma Williams,22,South,1543,True,11
Liam White,19,South,884,True,2
Liam White,18,Castle,917,False,16
Noah Moore,17,North,1236,True,4
Emma Jackson,19,North,1403,False,11
Sophie Taylor,22,North,1471,False,27
Sophie Jones,25,Memorial,1569,True,18
Lucas Miller,25,Memorial,1389,True,18
Olivia Garcia,25,Central,1423,True,2
Ethan Moore,15,Memorial,1028,True,5
Daniel Taylor,17,Castle,1275,False,30
Harper White,15,Central,1054,True,25
Isabella Williams,20,North,1256,True,15
Mia Brown,19,South,855,True,20
Lucas Martinez,18,Westfield,1484,False,24
Lucas Martin,25,Westfield,1339,False,3
Olivia Jones,17,North,843,False,13
Emma Davis,18,Castle,1548,False,7
Ethan Taylor,17,Westfield,1557,True,10
Charlie Williams,18,Westfield,1327,True,23
Daniel Jackson,18,Castle,1134,True,11
Jack Miller,25,Central,1555,False,10
Ella White,15,South,1491,True,24
Lucas Williams,23,Memorial,850,False,6
Ethan Thomas,20,Memorial,920,True,6
Jack White,24,Central,1588,True,11
Harper Smith,20,South,1333,True,22
Harper Smith,21,Westfield,1386,False,13
Harper Anderson,20,South,1026,True,22
Olivia Garcia,22,Memorial,1224,False,19
Mason Davis,18,Central,921,False,10
Mia Garcia,25,Castle,1483,True,4
Sophie Jones,20,Westfield,1552,True,24
Ethan Harris,23,Central,1066,False,17
Jack Johnson,22,Central,1454,True,16
Daniel Kim,15,South,1110,True,6
Sophie Harris,16,Memorial,1179,False,12
Daniel Thomas,21,Central,1207,True,8
Noah Jones,15,Central,1456,False,25
Daniel Moore,22,Central,928,False,20
Noah Brown,16,North,1459,True,4
Charlie Thomas,21,Westfield,1572,False,6
Noah White,18,North,1225,True,18
Emma Jackson,22,North,1213,False,17
Henry Garcia,20,North,818,False,30
Ava Miller,22,Central,1335,False,25
Isabella Thomas,17,Memorial,955,True,1
Lucas Williams,16,Westfield,1306,False,6
Logan Martinez,19,Westfield,1060,False,27
Daniel Garcia,20,Westfield,825,True,4
Mia Moore,20,North,947,False,29
Ella Williams,19,Central,838,False,15
Daniel Miller,16,Westfield,1160,False,28
Mason Kim,23,South,1533,False,4
Mia Johnson,16,Central,1215,True,1
Harper Williams,17,Memorial,860,True,22
Liam Taylor,17,Central,1283,False,27
Isabella Anderson,19,North,1566,False,27
Jack Johnson,17,South,1041,False,4
Logan Harris,19,Castle,1233,False,2
Logan Jones,23,Central,1233,False,14
Ava Johnson,19,Central,1293,True,16
Liam Anderson,16,Westfield,893,False,24
Amelia Kim,21,North,1013,True,21
James Brown,22,South,968,True,21
Amelia Brown,16,Memorial,914,False,17
Charlie Smith,16,North,1205,True,30
Ella Brown,20,North,1416,True,11
James Kim,17,Westfield,1586,False,11
Emma Taylor,18,South,1448,False,28
Charlie Taylor,24,South,828,True,12
James Kim,15,North,1261,False,11
Olivia Brown,17,South,871,True,29
Ava Smith,21,Memorial,1448,False,21
James Harris,16,Castle,1150,False,15
Mason Moore,16,Central,1582,False,5
Olivia Kim,19,Castle,1399,True,26
Amelia Martinez,18,North,883,True,16
James Smith,20,Central,1021,True,14
Amelia Thomas,20,North,1140,False,22
Isabella Brown,19,Central,852,True,28
Daniel Jones,22,South,856,True,10
Sophie Martinez,23,South,1508,True,8
Emma Taylor,17,Central,1494,True,4
Lucas Jackson,25,Central,1240,True,18
Emma Anderson,19,Memorial,1295,True,26
James Moore,20,Central,919,True,25
Sophie Miller,22,Castle,1166,False,25
Henry Garcia,20,Central,1593,True,3
Mason Brown,16,Memorial,1562,False,2
Sophie Davis,15,Central,1322,True,19
Charlie Thomas,20,Central,1344,False,13
Harper Johnson,25,Westfield,902,False,13
Noah Garcia,19,North,850,True,10
Charlie Jones,23,Central,980,False,16
Ava Moore,18,Castle,1218,True,12
Liam Garcia,20,South,904,True,24
James Brown,23,Memorial,1595,False,18
Henry Moore,17,Westfield,1464,True,16
Isabella Martinez,23,Memorial,1057,True,29
Daniel Moore,19,North,1242,False,29
Isabella Davis,22,Castle,1303,False,17
Lucas Brown,25,Castle,1589,True,29
Noah Taylor,25,South,937,False,8
Jack Jones,18,North,1200,True,11
Ava Martinez,24,Castle,950,False,9
Isabella Brown,18,Westfield,1371,False,16
Henry Anderson,21,Westfield,871,True,24
Olivia Martin,22,Castle,1148,False,4
Logan Moore,25,Westfield,1053,True,18
Henry Jones,23,North,995,True,28
James Moore,16,Central,1004,False,28
Isabella Martin,24,Central,1112,False,26
Ethan Martin,23,Westfield,1173,True,1
James Martinez,22,Memorial,1056,True,15
Isabella Thomas,23,Memorial,1267,True,10
Olivia Miller,25,Westfield,1151,True,27
Mason Anderson,19,Castle,894,False,9
Emma Martinez,17,Castle,1571,False,25
Jack Smith,24,Central,934,False,11
Lucas Garcia,24,Memorial,1384,False,5
Ella Taylor,22,Central,1137,False,7
Olivia Kim,24,Westfield,1235,True,20
Lucas Thomas,17,Memorial,1069,True,29
Olivia Miller,25,Castle,1584,True,22
Ella Thomas,20,Castle,1146,True,11
Charlie Davis,23,Castle,1473,True,16
Henry Kim,24,Central,911,True,28
Jack Jones,22,Memorial,1360,True,20
Noah Miller,19,Castle,1083,True,1
Ava Anderson,20,Westfield,1449,True,5
Harper Williams,23,South,1463,False,28
Olivia Martin,15,Westfield,1290,True,8
Daniel Jackson,20,Central,1159,True,4
James Harris,15,Memorial,1175,False,1
Ava White,24,North,1339,False,25
Jack Moore,25,Castle,1076,True,13
Ethan Harris,17,South,950,False,4
Isabella Johnson,22,Memorial,1541,False,27
Amelia Jones,20,South,1115,True,3
Daniel White,16,Castle,838,False,8
Charlie Jones,21,South,1441,True,5
Olivia Jackson,22,Castle,858,True,27
Olivia Moore,22,South,1578,False,12
Lucas Anderson,22,North,1433,False,18
Ethan Brown,15,Central,1556,True,1
Ella Jones,15,Westfield,1229,True,18
Mia Anderson,22,North,964,True,4
Isabella Jones,22,Memorial,1584,False,5
Liam Martin,18,South,1104,False,26
Emma Williams,19,Castle,1110,True,22
Logan Thomas,23,Westfield,1443,False,6
Amelia White,17,Castle,820,False,24
Logan Jones,17,Memorial,1581,False,24
Ava Anderson,16,Central,1561,False,4
Lucas Taylor,16,South,1124,True,17
Ella Harris,24,South,1368,False,22
James Thomas,21,Westfield,857,False,22
Isabella Kim,20,Memorial,898,True,4
Emma Anderson,18,Central,910,True,24
Daniel Martinez,20,South,1022,False,24
Daniel Garcia,18,Memorial,820,True,3
Amelia Garcia,18,North,1143,False,26
Mason Garcia,22,South,1280,True,25
Ethan Thomas,21,Westfield,1254,False,27
Henry Taylor,18,Castle,1187,False,29
Amelia White,19,Memorial,1070,True,28
Emma Jones,20,Castle,1462,True,16
James Williams,17,Central,846,True,15
Noah White,24,Central,1399,False,26
Noah Kim,25,South,1436,True,5
Jack Harris,17,Central,959,True,4
Liam Garcia,19,Memorial,1337,False,3
Isabella Harris,18,Castle,1408,True,21
Henry Anderson,20,Memorial,1064,True,23
Logan Davis,15,South,1487,True,17
Mia Moore,18,South,1380,True,8
Amelia Davis,19,Castle,1121,False,18
Mia Martinez,19,South,1564,False,30
Noah Brown,19,Central,1020,False,23
Daniel Harris,23,Castle,1546,False,22
Ella White,21,Castle,995,True,23
Mason Garcia,22,South,1083,True,2
Charlie Thomas,22,Castle,1146,False,9
Amelia Taylor,15,Westfield,1183,False,23
Harper White,17,Castle,1522,True,12
Isabella White,18,Castle,1324,True,13
Noah Thomas,20,South,1057,True,10
Noah Anderson,21,Westfield,1017,True,25
Charlie Garcia,17,Castle,941,True,12
Lucas Miller,25,Central,1442,True,25
Mason Brown,25,Memorial,1513,True,26
Henry Williams,23,South,1535,True,10
Charlie Brown,19,Castle,1096,True,23
Jack Miller,25,North,1418,False,2
Jack Jones,23,Central,919,True,3
Charlie Smith,19,South,938,True,19
Logan Kim,15,Castle,1437,True,24
Ella Taylor,21,South,1289,True,6
Daniel Davis,22,Castle,1382,True,12
Jack White,25,Central,1401,False,30
Henry Anderson,15,Westfield,1350,True,17
Henry Jackson,25,North,923,True,22
Logan Jones,15,Memorial,847,False,12
Emma Martinez,22,Westfield,1236,True,24
Logan Martin,25,South,1020,False,26
Noah Thomas,16,Central,1268,False,27
James Garcia,16,South,1106,False,10
Mason Anderson,17,Castle,1363,False,1
Mia Davis,18,Central,1513,True,10
Olivia Harris,16,South,1453,True,18
Sophie Smith,21,South,1443,True,11
Henry Williams,20,Central,1454,False,25
Amelia Brown,22,North,1097,True,4
Noah Jones,23,North,851,True,30
Ava Harris,18,Castle,1570,True,19
Sophie Kim,20,Westfield,969,False,25
Liam Jones,16,Castle,1220,False,7
Daniel Miller,23,Castle,1595,True,1
Liam Martinez,25,North,1432,False,10
Logan Martin,16,South,1021,True,3
Isabella Harris,24,Castle,1084,False,2
Olivia Johnson,15,Central,1101,True,5
Henry Davis,19,Central,1024,True,22
Daniel Jackson,16,South,1156,False,22
Noah Moore,21,Westfield,1098,False,28
Charlie Brown,22,Central,996,False,19
Mason Moore,20,Westfield,903,True,22
Sophie Moore,24,Castle,975,True,24
Olivia Smith,16,North,1176,False,16
Logan Smith,23,Westfield,957,False,17
Ella Garcia,25,Central,1494,True,29
Logan Miller,19,North,814,True,25
Lucas Kim,17,Memorial,1073,False,16
Harper Garcia,23,North,1172,False,21
Ethan Anderson,17,Westfield,1290,False,13
Olivia Jones,16,Westfield,873,True,2
Ella Kim,20,Central,1022,False,18
Ava Smith,22,Central,1281,False,6
Noah Miller,25,Westfield,1226,True,28
Jack Jones,20,Memorial,1065,False,18
Olivia Martin,24,Westfield,1524,False,28
Noah Smith,21,Castle,1085,False,25
Daniel Johnson,19,South,973,True,21
Charlie Miller,15,Memorial,1146,True,25
Olivia Garcia,23,Westfield,1463,False,25
Ella Thomas,15,North,1538,True,15
Mason Taylor,25,Westfield,1560,True,18
Isabella Moore,25,Westfield,1037,False,4
Jack Moore,16,South,1122,True,8
Charlie Williams,15,Westfield,888,False,10
Ava Williams,23,Central,905,False,8
James Jackson,25,Central,1405,False,5
Amelia Harris,17,Central,1296,False,5
Ella Kim,19,North,1212,False,13
Noah Martinez,15,North,1411,False,8
Liam Moore,25,North,902,True,23
Mason Martinez,23,Central,1222,True,24
Sophie Miller,25,Westfield,1448,True,22
Noah White,18,North,1126,True,18
Liam Miller,21,North,944,True,10
James Martinez,25,Memorial,813,True,19
Lucas Garcia,23,Central,1119,False,7
Daniel Davis,15,Westfield,1328,True,30
Emma Kim,24,North,1131,True,18
Harper Taylor,15,Central,1541,True,27
Liam Johnson,23,North,1408,False,10
Logan Martin,23,North,1330,True,28
Henry Anderson,21,Westfield,1128,True,22
Charlie Jackson,17,Castle,1560,False,27
Mason Smith,25,Central,1206,False,3
Amelia Williams,17,Castle,1256,True,23
Charlie Jackson,17,South,1294,False,16
Harper Williams,16,South,1431,True,28
Ella Kim,22,Memorial,1309,True,12
Charlie Miller,16,South,971,False,24
Mia Davis,23,North,1179,False,1
Logan White,25,Westfield,1234,False,29
Mia Martin,24,North,1533,False,8
James Harris,24,Castle,857,True,16
Ethan Johnson,22,Central,1490,False,2
Ethan Johnson,23,Central,1219,True,7
Ethan Harris,15,Westfield,1424,True,9
Ethan Brown,15,South,848,True,3
Isabella Anderson,22,Central,1185,True,27
Mia Smith,20,Westfield,806,True,25
Logan Jackson,15,Central,962,True,10
Liam Miller,15,South,1062,True,29
Logan Smith,20,South,1253,False,6
Ella Moore,16,Memorial,1024,True,2
Ethan Jackson,24,North,1027,False,4
Olivia Miller,17,Central,1161,True,1
Mia Anderson,15,Westfield,832,False,29
Emma Smith,16,Central,1552,False,2
Emma Thomas,19,South,1078,True,14
Isabella Williams,19,North,930,False,23
Mia Jackson,18,Westfield,1371,True,8
James Williams,22,Central,1497,False,7
Henry Jackson,17,Central,927,False,20
Sophie Harris,15,Memorial,1532,True,30
Ella Smith,23,Central,1511,True,12
Amelia Anderson,15,Castle,1258,False,1
James Brown,15,Memorial,1251,False,12
Henry Brown,17,South,1259,False,21
Mia Martin,25,Central,1215,True,2
Liam Kim,23,Castle,1521,False,4
Noah Miller,16,South,1409,False,25
Liam Garcia,16,Westfield,1000,True,2
Emma Martinez,23,Central,991,False,14
Charlie Anderson,17,Central,1346,False,18
Mia Smith,20,Memorial,844,True,24
Isabella Garcia,18,Central,1187,False,28
Amelia Martinez,17,Central,1024,False,16
Jack Jones,15,Westfield,1284,False,24
Ethan Moore,17,Central,1242,True,1
Logan Anderson,15,Westfield,1404,False,24
Isabella Martinez,17,Castle,1020,False,1
Sophie Kim,18,North,1054,True,29
Mason Moore,15,North,1233,False,8
Olivia Brown,16,North,876,True,20
Ava Martinez,18,Westfield,1331,False,5
James White,21,South,889,True,6
Sophie Miller,23,Central,1037,False,18
Amelia Thomas,15,Central,1459,True,7
Ava Anderson,22,Castle,872,False,16
Mia Kim,23,Westfield,950,True,26
Henry Taylor,22,Central,1005,True,13
Lucas Miller,23,Central,1480,True,14
Charlie Williams,18,Memorial,949,True,27
Logan Williams,24,South,914,False,15
Mason Taylor,16,Memorial,1017,False,22
Henry White,20,Memorial,1133,True,7
Henry Kim,18,Castle,1569,True,18
Sophie Kim,15,Westfield,1411,False,26
Ava Williams,23,Central,845,False,15
Emma Taylor,24,Memorial,1014,False,19
Mason Johnson,19,South,1143,False,23
Logan Williams,19,North,944,False,13
Daniel White,25,Westfield,801,False,28
Noah Williams,17,Memorial,1361,False,16
Isabella Jones,24,Castle,837,True,28
Emma Harris,22,North,824,False,8
Logan Thomas,18,Westfield,849,False,10
Liam White,17,South,1489,True,6
Isabella Kim,19,North,902,True,25
Daniel Smith,20,South,905,False,19
James Anderson,23,Memorial,1443,True,26
Lucas Thomas,24,Memorial,1073,True,21
Amelia Taylor,19,South,1454,True,21
Henry Taylor,25,Castle,1500,False,14
Logan Miller,21,South,1199,False,2
Ava Brown,23,Memorial,949,True,7
Lucas Smith,18,North,1097,True,17
Noah Thomas,16,North,1294,False,22
Amelia Martin,19,Central,1116,True,3
Amelia Brown,18,Central,1280,True,13
Logan White,16,South,912,False,4
Amelia Anderson,15,Memorial,1109,False,5
Mia Miller,25,Memorial,1073,False,19
Jack Harris,16,Castle,830,False,7
Daniel Kim,20,Westfield,1430,False,24
Jack Taylor,24,Central,1104,False,9
Emma Moore,25,Westfield,1058,False,16
Amelia Martin,23,South,839,False,7
Jack Harris,25,South,852,True,10
Ella Brown,16,North,1387,False,14
Lucas Taylor,19,Central,1241,True,25
Charlie Johnson,15,North,976,True,16
Ethan Thomas,24,Central,1186,False,30
Ella Martinez,24,North,912,False,3
Isabella Thomas,22,Memorial,1143,False,2
Jack Garcia,15,South,1459,False,11
Amelia Taylor,20,South,1084,False,7
Ethan White,17,North,1379,True,1
Ava White,19,North,893,True,26
Daniel Brown,25,Westfield,1018,True,13
Liam Johnson,21,Castle,1582,False,22
Sophie Taylor,20,North,939,False,14
Mason Kim,19,Castle,1457,True,17
Lucas White,23,Central,1292,False,7
Daniel Garcia,15,South,1021,True,24
James Taylor,23,Castle,972,False,22
Logan Brown,17,Memorial,1269,False,28
Daniel Jackson,23,Memorial,1386,True,10
Ella Harris,25,Central,1506,True,19
Ella White,16,Memorial,1213,True,9
Isabella Williams,17,Westfield,1081,False,8
Mia Davis,15,Westfield,1261,True,17
Emma Kim,23,Castle,1026,False,11
Amelia Jackson,21,Central,1126,False,6
Liam Thomas,25,Memorial,1065,False,11
Ava Williams,17,Memorial,1189,False,11
Olivia Kim,22,Castle,893,False,16
Liam Harris,22,Castle,1580,False,10
Emma Jones,18,Central,1329,True,2
Lucas Brown,19,Castle,1092,False,2
Liam Garcia,20,Memorial,1494,False,27
Henry White,25,North,1228,True,30
James Harris,22,Westfield,1490,True,8
Isabella Jones,18,Westfield,1466,False,14
Isabella Moore,19,Castle,1321,True,2
Ethan Smith,22,Central,1131,True,21
Charlie Jackson,19,North,814,True,14
Isabella Smith,19,Castle,1418,False,5
Jack Thomas,19,Castle,1156,True,1
Ella Smith,24,Central,1090,False,30
Ethan Thomas,24,Castle,1495,False,22
Emma Johnson,19,Memorial,1536,False,3
Logan Anderson,24,Westfield,834,False,21
Ethan Smith,19,South,1563,False,23
Mason Smith,19,South,1063,True,13
Noah Jackson,23,North,1146,False,30
Charlie Martin,20,Central,895,False,8
Jack Kim,15,Memorial,1030,False,16
Lucas Taylor,24,North,1146,False,10
Charlie Martin,17,South,1439,False,21
Charlie Harris,15,Westfield,1474,True,9
Sophie Kim,24,Westfield,1427,True,26
Emma Miller,17,Memorial,1165,True,2
Liam Miller,23,South,1206,True,4
Mia Martin,23,Central,1412,False,15
Noah Martinez,23,Westfield,1387,False,8
Daniel Davis,24,North,1414,True,18
Amelia Harris,21,Memorial,873,False,13
Jack Brown,25,Memorial,1541,True,23
Daniel Jones,19,Memorial,896,False,20
Amelia Jones,20,Central,1340,True,4
Harper Jones,17,Central,935,False,21
Daniel Martinez,23,Westfield,808,False,13
Mason Martinez,23,South,914,True,8
Amelia Jones,19,South,1098,True,23
Noah Taylor,15,Castle,1193,True,28
Ethan Anderson,17,Westfield,821,True,19
Daniel Davis,17,North,1158,False,5
Sophie Kim,23,South,1505,False,11
Harper Anderson,25,Castle,1048,False,11
Harper Jones,22,North,1313,False,1
Mia Brown,15,Castle,1188,False,8
Olivia Smith,21,South,1113,False,27
Isabella Kim,19,North,1188,False,18
Harper Brown,23,Westfield,1222,False,4
Amelia Martin,16,Memorial,1235,True,24
Mia Kim,24,Castle,1510,False,20
Sophie White,16,Central,1110,False,25
Henry White,15,Castle,850,True,7
Jack Harris,25,Castle,1419,False,12
James Martinez,21,South,1083,True,10
Liam Garcia,21,Castle,1550,True,16
Charlie Kim,22,Memorial,1472,True,2
Olivia Davis,25,Castle,1042,False,6
Liam Miller,20,South,1520,True,1
Ella Kim,15,Castle,1468,False,24
Harper Brown,15,Castle,1301,False,5
Ethan Davis,20,Central,1456,True,10
Logan Moore,15,Memorial,857,False,16
Liam Anderson,18,Memorial,1212,False,25
Ethan Jackson,18,Westfield,984,False,30
Olivia Harris,19,South,1270,False,5
Ethan Johnson,25,Castle,1091,False,23
Sophie Harris,23,Central,867,True,22
Ethan Harris,16,Castle,844,False,28
Ella Brown,22,North,1461,False,26
Jack Jones,25,North,1199,False,5
Jack Martin,23,North,978,False,10
Daniel Smith,25,South,1490,False,6
Ethan Martin,22,Central,931,True,15
Sophie Williams,19,South,888,False,13
Ella Martin,20,Memorial,1180,False,12
Mia White,24,Castle,1218,True,20
Harper Martin,24,South,987,False,22
Charlie Martinez,18,North,1390,True,11
Ethan Thomas,25,Westfield,882,False,19
Lucas Martin,24,South,1425,True,23
Logan Davis,20,South,932,False,24
Logan Smith,19,South,959,True,6
Olivia Davis,18,North,1600,True,24
Daniel Miller,24,Castle,979,True,17
Sophie Miller,20,Memorial,1454,True,9
Harper Smith,25,Memorial,1204,True,6
James White,24,Central,1097,False,29
Noah Williams,17,South,1596,False,19
Daniel Taylor,24,Westfield,1030,True,2
Henry Jones,17,Memorial,856,True,8
Jack White,24,Westfield,1198,True,7
Emma Moore,24,Central,1140,False,13
Mason Jones,20,Westfield,1343,False,9
Emma Smith,24,Castle,1572,True,25
Emma Anderson,18,Memorial,1502,False,24
Sophie Williams,16,South,1346,False,11
Mason Taylor,23,Westfield,902,True,21
Mason Davis,18,Castle,1183,False,13
Jack Davis,16,North,921,True,7
Henry Thomas,18,Westfield,1169,True,1
Amelia Anderson,17,North,816,True,15
Jack Brown,25,Memorial,1062,True,19
Lucas Williams,23,North,1077,False,11
Noah Johnson,23,Memorial,931,True,1
Ella Taylor,23,Westfield,1048,True,19
Olivia Thomas,18,South,1086,False,17
Amelia Martin,25,Central,1294,True,17
Mia Smith,20,South,1381,False,1
Olivia Kim,22,Central,1509,False,13
Emma Davis,17,South,1194,False,13
Mia Moore,21,Memorial,1378,True,22
Ella Garcia,24,Memorial,1292,False,16
Henry Moore,25,North,1164,False,25
Ava Williams,23,Central,1143,True,7
Lucas Anderson,21,North,953,False,18
Ethan Moore,18,Central,1227,False,10
Noah Garcia,16,South,1237,False,11
Ethan Johnson,22,South,1541,True,29
Olivia Johnson,25,Central,1555,False,27
Sophie Harris,25,South,940,False,13
Ethan Brown,16,North,950,True,14
Olivia Anderson,15,North,1195,False,16
Liam Brown,15,Westfield,1232,False,14
Harper Kim,23,Castle,1183,True,4
James White,20,Westfield,990,False,12
Mason Brown,22,Central,1141,False,22
Ava Davis,22,Castle,1031,False,18
Daniel Davis,15,North,847,False,4
Lucas Smith,20,North,902,False,11
Ella Smith,21,Memorial,1451,True,6
Daniel Kim,17,North,1402,True,4
Logan Johnson,23,South,1455,True,11
Daniel Jackson,19,South,1042,False,18
Ethan Anderson,19,North,912,False,11
Mason Davis,25,North,1299,True,2
Jack Jackson,15,Central,842,False,8
Henry Harris,17,Central,832,False,25
Ella Thomas,25,Memorial,1533,False,10
Jack Williams,17,Memorial,1543,True,2
Logan Smith,17,Memorial,1453,False,9
Ava Jackson,17,Castle,1086,True,15
Liam Harris,24,Westfield,915,False,9
Noah Miller,23,South,1332,True,27
Charlie Taylor,23,Castle,960,False,14
Noah Kim,17,Westfield,837,False,27
Mia Smith,23,Castle,1345,True,4
Ella Brown,25,Castle,856,False,21
Isabella Smith,22,Westfield,1117,True,14
Mason Johnson,18,Westfield,1557,True,3
Noah Harris,19,Memorial,1343,False,30
Lucas Harris,21,Castle,1372,True,18
Jack Brown,16,Central,877,True,10
Sophie Martin,24,South,1489,False,29
Mason Williams,16,Westfield,1467,True,18
Emma Taylor,20,Central,1147,False,26
Mason Brown,23,South,1123,False,11
Liam White,24,Memorial,815,True,29
Isabella Thomas,23,South,1052,True,15
Isabella Martin,18,Memorial,903,False,25
Henry Garcia,24,North,1365,True,11
Ella Martinez,23,Westfield,898,False,30
Mason Martin,24,Memorial,1271,True,21
Ella Moore,16,Memorial,1034,True,12
James Taylor,16,Westfield,1075,False,24
Liam Martin,17,Memorial,971,False,21
Charlie Jones,17,North,1166,False,10
Lucas Martin,20,South,1569,False,23
Mia Martin,23,Castle,837,True,26
Mia Williams,20,Central,1454,True,1
Harper Moore,19,Westfield,1068,True,6
Isabella Miller,17,Westfield,1305,False,22
James Martinez,23,South,1247,False,21
Henry Smith,16,Castle,1109,False,2
Amelia Williams,21,South,1316,False,4
Olivia Jones,20,Westfield,882,False,29
Ella Johnson,21,North,1514,False,29
Amelia Moore,18,Castle,1501,True,12
James White,24,Central,1257,False,8
Mason Moore,20,North,1366,True,12
Mason Martinez,25,Memorial,1052,False,26
Logan Harris,23,North,930,True,24
Charlie Davis,24,Memorial,1135,True,6
Harper Thomas,15,Westfield,1062,False,11
Ella Thomas,17,Central,938,True,10
James Garcia,25,Castle,1555,False,11
Ethan Jackson,16,Westfield,1503,True,20
Isabella Anderson,25,North,1492,True,8
Ava Garcia,25,South,1530,False,13
Mason Brown,24,Memorial,924,True,15
Jack Smith,25,Westfield,1068,False,1
Amelia Miller,20,South,1351,True,26
Daniel Johnson,25,Castle,1109,True,2
Amelia White,16,Memorial,1206,True,7
Ethan Moore,25,Castle,835,True,16
Isabella Davis,18,Westfield,1311,True,6
Olivia Kim,21,South,1322,True,17
Ethan Williams,25,South,1328,True,16
Jack Martin,18,North,1388,True,26
Logan White,16,Castle,1584,False,2
Amelia Kim,20,South,1246,False,3
Jack Davis,25,Memorial,1104,True,29
Ava Brown,16,North,1062,True,22
Logan Miller,21,Memorial,1060,True,6
Mia Jones,19,Westfield,1311,True,28
Logan Jones,24,Castle,1037,False,28
Amelia Martinez,19,Castle,865,False,16
Amelia Anderson,20,Central,1023,True,6
Isabella Miller,16,Westfield,1365,True,4
Ava Jackson,21,South,995,False,21
Ava Thomas,17,Westfield,1268,False,26
Olivia White,18,Central,1223,True,16
Charlie Thomas,21,South,1421,False,25
Henry Garcia,19,Central,852,False,23
Olivia Williams,16,Westfield,1522,True,6
Emma Johnson,20,Castle,1345,False,11
Ella Martinez,17,South,889,True,27
Ella Taylor,25,Westfield,861,True,4
Mia Williams,19,North,1068,True,20
Sophie White,25,North,928,False,25
Olivia Garcia,17,Westfield,1068,False,21
Lucas Moore,25,Memorial,1463,False,25
Logan Anderson,24,Castle,1199,True,5
Logan Jones,18,Memorial,1317,True,8
